{
  "task": "Task30_Excel",
  "exists": true,
  "task_completed@0.30": false,
  "num_images": 3,
  "num_gt_boxes": 3,
  "mIoU": 0.3596743304038499,
  "Acc@0.3": 0.6666666666666666,
  "Acc@0.5": 0.3333333333333333,
  "Acc@0.8": 0.0,
  "Acc@0.9": 0.0,
  "per_image": [
    {
      "image": "Step_1.png",
      "instruction": "1) Select top header cell of Unit Price Column",
      "gt_count": 1,
      "pred_count": 1,
      "best_iou": 0.0030824346391439624,
      "step_success@0.30": false,
      "ious_per_gt": [
        0.0030824346391439624
      ]
    },
    {
      "image": "Step_2.png",
      "instruction": "2) Click Formulas from the Tab",
      "gt_count": 1,
      "pred_count": 1,
      "best_iou": 0.7454465541910188,
      "step_success@0.30": true,
      "ious_per_gt": [
        0.7454465541910188
      ]
    },
    {
      "image": "View .png",
      "instruction": "3) Click Watch Window icon",
      "gt_count": 1,
      "pred_count": 1,
      "best_iou": 0.33049400238138693,
      "step_success@0.30": true,
      "ious_per_gt": [
        0.33049400238138693
      ]
    }
  ]
}