{
  "task": "Task23_Excel",
  "task_query": "Narrow Margins (Invoice_Header)",
  "exists": true,
  "task_completed@0.30": false,
  "num_images": 3,
  "num_gt_boxes": 3,
  "mIoU": 0.6131828387182073,
  "Acc@0.3": 0.6666666666666666,
  "Acc@0.5": 0.6666666666666666,
  "Acc@0.8": 0.6666666666666666,
  "Acc@0.9": 0.0,
  "per_image": [
    {
      "image": "Step_1.png",
      "instruction": "1) Click on Page Layout from tab",
      "gt_count": 1,
      "pred_count": 1,
      "best_iou": 0.7518185258729994,
      "ious_per_gt": [
        0.7518185258729994
      ],
      "step_success@0.300": true
    },
    {
      "image": "Step_2.png",
      "instruction": "2) Click Margins icon",
      "gt_count": 1,
      "pred_count": 1,
      "best_iou": 0.19808187830810875,
      "ious_per_gt": [
        0.19808187830810875
      ],
      "step_success@0.300": false
    },
    {
      "image": "Step_3.png",
      "instruction": "3) Select Narrow from the click margins icon",
      "gt_count": 1,
      "pred_count": 1,
      "best_iou": 0.8896481119735138,
      "ious_per_gt": [
        0.8896481119735138
      ],
      "step_success@0.300": true
    }
  ]
}