{
  "task": "Task32_Excel",
  "exists": true,
  "task_completed@0.30": false,
  "num_images": 3,
  "num_gt_boxes": 3,
  "mIoU": 0.4609091296079224,
  "Acc@0.3": 0.6666666666666666,
  "Acc@0.5": 0.6666666666666666,
  "Acc@0.8": 0.3333333333333333,
  "Acc@0.9": 0.0,
  "per_image": [
    {
      "image": "Step_1.png",
      "instruction": "1) Select cell in first row of first column.",
      "gt_count": 1,
      "pred_count": 1,
      "best_iou": 0.0956470798244605,
      "step_success@0.30": false,
      "ious_per_gt": [
        0.0956470798244605
      ]
    },
    {
      "image": "Step_2.png",
      "instruction": "2) Select Review from the tab",
      "gt_count": 1,
      "pred_count": 1,
      "best_iou": 0.7611271252275537,
      "step_success@0.30": true,
      "ious_per_gt": [
        0.7611271252275537
      ]
    },
    {
      "image": "Step_3.png",
      "instruction": "3) Select Translator",
      "gt_count": 1,
      "pred_count": 1,
      "best_iou": 0.525953183771753,
      "step_success@0.30": true,
      "ious_per_gt": [
        0.525953183771753
      ]
    }
  ]
}