{
  "task": "Task40_Excel",
  "task_query": "Format as Currency(HR_Employees)",
  "exists": true,
  "task_completed@0.30": false,
  "num_images": 3,
  "num_gt_boxes": 3,
  "mIoU": 0.5234210175425503,
  "Acc@0.3": 0.6666666666666666,
  "Acc@0.5": 0.6666666666666666,
  "Acc@0.8": 0.3333333333333333,
  "Acc@0.9": 0.0,
  "per_image": [
    {
      "image": "Step_1.png",
      "instruction": "1) Select the top header cell of salary column header.",
      "gt_count": 1,
      "pred_count": 1,
      "best_iou": 0.07356174254646702,
      "ious_per_gt": [
        0.07356174254646702
      ],
      "step_success@0.300": false
    },
    {
      "image": "Step_2.png",
      "instruction": "2) Open General drop-down menu",
      "gt_count": 1,
      "pred_count": 1,
      "best_iou": 0.7351286221744661,
      "ious_per_gt": [
        0.7351286221744661
      ],
      "step_success@0.300": true
    },
    {
      "image": "Step_3.png",
      "instruction": "3) Click Currency.",
      "gt_count": 1,
      "pred_count": 1,
      "best_iou": 0.7615726879067178,
      "ious_per_gt": [
        0.7615726879067178
      ],
      "step_success@0.300": true
    }
  ]
}