{
  "task": "Task46_Excel",
  "task_query": "Hide a Column (Students)",
  "exists": true,
  "task_completed@0.30": false,
  "num_images": 3,
  "num_gt_boxes": 3,
  "mIoU": 0.36307628590071733,
  "Acc@0.3": 0.3333333333333333,
  "Acc@0.5": 0.3333333333333333,
  "Acc@0.8": 0.3333333333333333,
  "Acc@0.9": 0.0,
  "per_image": [
    {
      "image": "Step_1.png",
      "instruction": "1) Select the top header cell of Email Column.",
      "gt_count": 1,
      "pred_count": 1,
      "best_iou": 0.27841094668035504,
      "ious_per_gt": [
        0.27841094668035504
      ],
      "step_success@0.300": false
    },
    {
      "image": "Step_2.png",
      "instruction": "2) Right-click in the Email Column.",
      "gt_count": 1,
      "pred_count": 1,
      "best_iou": 0.02968555760311479,
      "ious_per_gt": [
        0.02968555760311479
      ],
      "step_success@0.300": false
    },
    {
      "image": "Step_3.png",
      "instruction": "3) Click Hide.",
      "gt_count": 1,
      "pred_count": 1,
      "best_iou": 0.7811323534186823,
      "ious_per_gt": [
        0.7811323534186823
      ],
      "step_success@0.300": true
    }
  ]
}