{
  "task": "Task-30",
  "task_query": "Change text fill color to yellow",
  "exists": true,
  "task_completed@0.30": false,
  "num_images": 3,
  "num_gt_boxes": 3,
  "mIoU": 0.6170922553631062,
  "Acc@0.3": 0.6666666666666666,
  "Acc@0.5": 0.6666666666666666,
  "Acc@0.8": 0.6666666666666666,
  "Acc@0.9": 0.0,
  "per_image": [
    {
      "image": "1.png",
      "instruction": "In Essential Graphics panel click Fill color;",
      "gt_count": 1,
      "pred_count": 1,
      "best_iou": 0.09978807742124896,
      "ious_per_gt": [
        0.09978807742124896
      ],
      "step_success@0.300": false
    },
    {
      "image": "2.png",
      "instruction": "Type #FFF000 hex code in the color code box",
      "gt_count": 1,
      "pred_count": 1,
      "best_iou": 0.8643295722015905,
      "ious_per_gt": [
        0.8643295722015905
      ],
      "step_success@0.300": true
    },
    {
      "image": "3.png",
      "instruction": "Click OK",
      "gt_count": 1,
      "pred_count": 1,
      "best_iou": 0.887159116466479,
      "ious_per_gt": [
        0.887159116466479
      ],
      "step_success@0.300": true
    }
  ]
}