{
  "task": "Task-5",
  "exists": true,
  "task_completed@0.30": false,
  "num_images": 3,
  "num_gt_boxes": 3,
  "mIoU": 0.30489163050109896,
  "Acc@0.3": 0.6666666666666666,
  "Acc@0.5": 0.3333333333333333,
  "Acc@0.8": 0.0,
  "Acc@0.9": 0.0,
  "per_image": [
    {
      "image": "1.png",
      "instruction": "1) Open Page Layout from tab",
      "gt_count": 1,
      "pred_count": 1,
      "best_iou": 0.5137539816275835,
      "step_success@0.30": true,
      "ious_per_gt": [
        0.5137539816275835
      ]
    },
    {
      "image": "2.png",
      "instruction": "2) Click Orientation icon",
      "gt_count": 1,
      "pred_count": 1,
      "best_iou": 0.3283709195135189,
      "step_success@0.30": true,
      "ious_per_gt": [
        0.3283709195135189
      ]
    },
    {
      "image": "3.png",
      "instruction": "3) Select Landscape",
      "gt_count": 1,
      "pred_count": 1,
      "best_iou": 0.07254999036219463,
      "step_success@0.30": false,
      "ious_per_gt": [
        0.07254999036219463
      ]
    }
  ]
}