{
  "task": "Task5_Excel",
  "task_query": "Sort Data from Z\u2192A (Students)",
  "exists": true,
  "task_completed@0.30": false,
  "num_images": 3,
  "num_gt_boxes": 3,
  "mIoU": 0.4753655841512039,
  "Acc@0.3": 0.6666666666666666,
  "Acc@0.5": 0.6666666666666666,
  "Acc@0.8": 0.3333333333333333,
  "Acc@0.9": 0.0,
  "per_image": [
    {
      "image": "Step_1.png",
      "instruction": "1) Click on 'Name' header column.",
      "gt_count": 1,
      "pred_count": 1,
      "best_iou": 0.5595082276991646,
      "ious_per_gt": [
        0.5595082276991646
      ],
      "step_success@0.300": true
    },
    {
      "image": "Step_2.png",
      "instruction": "2) Click Data tab.",
      "gt_count": 1,
      "pred_count": 1,
      "best_iou": 0.7820485470646963,
      "ious_per_gt": [
        0.7820485470646963
      ],
      "step_success@0.300": true
    },
    {
      "image": "Step_3.png",
      "instruction": "3) Click Sort Z\u2192A .",
      "gt_count": 1,
      "pred_count": 1,
      "best_iou": 0.0845399776897508,
      "ious_per_gt": [
        0.0845399776897508
      ],
      "step_success@0.300": false
    }
  ]
}