{
  "task": "Task-14",
  "exists": true,
  "task_completed@0.30": false,
  "num_images": 3,
  "num_gt_boxes": 3,
  "mIoU": 0.4994706885399231,
  "Acc@0.3": 0.6666666666666666,
  "Acc@0.5": 0.3333333333333333,
  "Acc@0.8": 0.3333333333333333,
  "Acc@0.9": 0.0,
  "per_image": [
    {
      "image": "1.png",
      "instruction": "1) Click the Design tab",
      "gt_count": 1,
      "pred_count": 1,
      "best_iou": 0.43102829420775046,
      "step_success@0.30": true,
      "ious_per_gt": [
        0.43102829420775046
      ]
    },
    {
      "image": "2.png",
      "instruction": "2) Click Watermark to open different options",
      "gt_count": 1,
      "pred_count": 1,
      "best_iou": 0.2812458691039393,
      "step_success@0.30": false,
      "ious_per_gt": [
        0.2812458691039393
      ]
    },
    {
      "image": "3.png",
      "instruction": "3) Select CONFIDENTIAL type written in almost 45 degrees",
      "gt_count": 1,
      "pred_count": 1,
      "best_iou": 0.7861379023080796,
      "step_success@0.30": true,
      "ious_per_gt": [
        0.7861379023080796
      ]
    }
  ]
}