{
  "task": "Task5_Excel",
  "exists": true,
  "task_completed@0.30": false,
  "num_images": 3,
  "num_gt_boxes": 3,
  "mIoU": 0.36749906962912476,
  "Acc@0.3": 0.6666666666666666,
  "Acc@0.5": 0.3333333333333333,
  "Acc@0.8": 0.0,
  "Acc@0.9": 0.0,
  "per_image": [
    {
      "image": "Step_1.png",
      "instruction": "1) Click on 'Name' header column.",
      "gt_count": 1,
      "pred_count": 1,
      "best_iou": 0.3999732833853687,
      "step_success@0.30": true,
      "ious_per_gt": [
        0.3999732833853687
      ]
    },
    {
      "image": "Step_2.png",
      "instruction": "2) Click Data tab.",
      "gt_count": 1,
      "pred_count": 1,
      "best_iou": 0.5569512931568865,
      "step_success@0.30": true,
      "ious_per_gt": [
        0.5569512931568865
      ]
    },
    {
      "image": "Step_3.png",
      "instruction": "3) Click Sort Z\u2192A .",
      "gt_count": 1,
      "pred_count": 1,
      "best_iou": 0.1455726323451191,
      "step_success@0.30": false,
      "ious_per_gt": [
        0.1455726323451191
      ]
    }
  ]
}