{
  "task": "Task-30",
  "task_query": "Round avatar corners to 64",
  "exists": true,
  "task_completed@0.30": true,
  "num_images": 3,
  "num_gt_boxes": 2,
  "mIoU": 0.5779326995338983,
  "Acc@0.3": 0.6666666666666666,
  "Acc@0.5": 0.6666666666666666,
  "Acc@0.8": 0.6666666666666666,
  "Acc@0.9": 0.3333333333333333,
  "per_image": [
    {
      "image": "1.png",
      "instruction": "Select the avatar image;",
      "gt_count": 1,
      "pred_count": 1,
      "best_iou": 0.9357566456525455,
      "ious_per_gt": [
        0.9357566456525455
      ],
      "step_success@0.300": true
    },
    {
      "image": "2.png",
      "instruction": "Click Corner radius field;",
      "gt_count": 1,
      "pred_count": 1,
      "best_iou": 0.7980414529491493,
      "ious_per_gt": [
        0.7980414529491493
      ],
      "step_success@0.300": true
    },
    {
      "image": "3.png",
      "instruction": "Type 64;",
      "gt_count": 0,
      "pred_count": 1,
      "best_iou": 0.0,
      "ious_per_gt": [],
      "step_success@0.300": true
    }
  ]
}