{
  "task": "Task-17",
  "task_query": "Add a sequence marker at current time",
  "exists": true,
  "task_completed@0.30": false,
  "num_images": 3,
  "num_gt_boxes": 3,
  "mIoU": 0.5530273883607938,
  "Acc@0.3": 0.6666666666666666,
  "Acc@0.5": 0.6666666666666666,
  "Acc@0.8": 0.3333333333333333,
  "Acc@0.9": 0.0,
  "per_image": [
    {
      "image": "1.png",
      "instruction": "Open Markers menu;",
      "gt_count": 1,
      "pred_count": 1,
      "best_iou": 0.6996030306792332,
      "ious_per_gt": [
        0.6996030306792332
      ],
      "step_success@0.300": true
    },
    {
      "image": "2.png",
      "instruction": "Choose Add Marker;",
      "gt_count": 1,
      "pred_count": 1,
      "best_iou": 0.16758374209505253,
      "ious_per_gt": [
        0.16758374209505253
      ],
      "step_success@0.300": false
    },
    {
      "image": "3.png",
      "instruction": "Click Program Monitor to confirm",
      "gt_count": 1,
      "pred_count": 1,
      "best_iou": 0.7918953923080956,
      "ious_per_gt": [
        0.7918953923080956
      ],
      "step_success@0.300": true
    }
  ]
}