{
  "task": "Task-19",
  "task_query": "Set headline fill color to #3366CC",
  "exists": true,
  "task_completed@0.30": false,
  "num_images": 3,
  "num_gt_boxes": 3,
  "mIoU": 0.4202641155828204,
  "Acc@0.3": 0.6666666666666666,
  "Acc@0.5": 0.3333333333333333,
  "Acc@0.8": 0.0,
  "Acc@0.9": 0.0,
  "per_image": [
    {
      "image": "1.png",
      "instruction": "Select the headline in Web/Home;",
      "gt_count": 1,
      "pred_count": 1,
      "best_iou": 0.6719243200334428,
      "ious_per_gt": [
        0.6719243200334428
      ],
      "step_success@0.300": true
    },
    {
      "image": "2.png",
      "instruction": "In right sidebar click Fill color;",
      "gt_count": 1,
      "pred_count": 1,
      "best_iou": 0.26656720523446514,
      "ious_per_gt": [
        0.26656720523446514
      ],
      "step_success@0.300": false
    },
    {
      "image": "3.png",
      "instruction": "Type #3366CC;",
      "gt_count": 1,
      "pred_count": 1,
      "best_iou": 0.3223008214805532,
      "ious_per_gt": [
        0.3223008214805532
      ],
      "step_success@0.300": true
    }
  ]
}