{
  "task": "Task5_Excel",
  "task_query": "Sort Data from Z\u2192A (Students)",
  "exists": true,
  "task_completed@0.25": false,
  "num_images": 3,
  "num_gt_boxes": 3,
  "mIoU": 0.38680267743823943,
  "Acc@0.2": 0.6666666666666666,
  "Acc@0.5": 0.3333333333333333,
  "Acc@0.8": 0.0,
  "Acc@0.9": 0.0,
  "per_image": [
    {
      "image": "Step_1.png",
      "instruction": "1) Click on 'Name' header column.",
      "gt_count": 1,
      "pred_count": 1,
      "best_iou": 0.05151783700476991,
      "ious_per_gt": [
        0.05151783700476991
      ],
      "step_success@0.250": false
    },
    {
      "image": "Step_2.png",
      "instruction": "2) Click Data tab.",
      "gt_count": 1,
      "pred_count": 1,
      "best_iou": 0.6784431193602269,
      "ious_per_gt": [
        0.6784431193602269
      ],
      "step_success@0.250": true
    },
    {
      "image": "Step_3.png",
      "instruction": "3) Click Sort Z\u2192A .",
      "gt_count": 1,
      "pred_count": 1,
      "best_iou": 0.4304470759497214,
      "ious_per_gt": [
        0.4304470759497214
      ],
      "step_success@0.250": true
    }
  ]
}