{
  "task": "Task-6",
  "task_query": "Narrow Margins",
  "exists": true,
  "task_completed@0.30": true,
  "num_images": 3,
  "num_gt_boxes": 3,
  "mIoU": 0.6441913647607751,
  "Acc@0.3": 1.0,
  "Acc@0.5": 0.6666666666666666,
  "Acc@0.8": 0.3333333333333333,
  "Acc@0.9": 0.0,
  "per_image": [
    {
      "image": "1.png",
      "instruction": "1) Open Page Layout from tab",
      "gt_count": 1,
      "pred_count": 1,
      "best_iou": 0.6239312005810839,
      "ious_per_gt": [
        0.6239312005810839
      ],
      "step_success@0.300": true
    },
    {
      "image": "2.png",
      "instruction": "2) Click Margins icon",
      "gt_count": 1,
      "pred_count": 1,
      "best_iou": 0.4842071243238799,
      "ious_per_gt": [
        0.4842071243238799
      ],
      "step_success@0.300": true
    },
    {
      "image": "3.png",
      "instruction": "3) Select Narrow",
      "gt_count": 1,
      "pred_count": 1,
      "best_iou": 0.8244357693773615,
      "ious_per_gt": [
        0.8244357693773615
      ],
      "step_success@0.300": true
    }
  ]
}