{
  "task": "Task-14",
  "task_query": "Add a \u201cCONFIDENTIAL\u201d watermark in 45 degrees",
  "exists": true,
  "task_completed@0.30": false,
  "num_images": 3,
  "num_gt_boxes": 3,
  "mIoU": 0.6162932031897806,
  "Acc@0.3": 0.6666666666666666,
  "Acc@0.5": 0.6666666666666666,
  "Acc@0.8": 0.3333333333333333,
  "Acc@0.9": 0.3333333333333333,
  "per_image": [
    {
      "image": "1.png",
      "instruction": "1) Click the Design tab",
      "gt_count": 1,
      "pred_count": 1,
      "best_iou": 0.6237435761158303,
      "ious_per_gt": [
        0.6237435761158303
      ],
      "step_success@0.300": true
    },
    {
      "image": "2.png",
      "instruction": "2) Click Watermark to open different options",
      "gt_count": 1,
      "pred_count": 1,
      "best_iou": 0.28752153482236503,
      "ious_per_gt": [
        0.28752153482236503
      ],
      "step_success@0.300": false
    },
    {
      "image": "3.png",
      "instruction": "3) Select CONFIDENTIAL type written in almost 45 degrees",
      "gt_count": 1,
      "pred_count": 1,
      "best_iou": 0.9376144986311464,
      "ious_per_gt": [
        0.9376144986311464
      ],
      "step_success@0.300": true
    }
  ]
}