{
  "task": "Task-5",
  "task_query": "Landscape Orientation",
  "exists": true,
  "task_completed@0.30": false,
  "num_images": 3,
  "num_gt_boxes": 3,
  "mIoU": 0.34863415532047143,
  "Acc@0.3": 0.3333333333333333,
  "Acc@0.5": 0.3333333333333333,
  "Acc@0.8": 0.0,
  "Acc@0.9": 0.0,
  "per_image": [
    {
      "image": "1.png",
      "instruction": "1) Open Page Layout from tab",
      "gt_count": 1,
      "pred_count": 1,
      "best_iou": 0.7428157867480215,
      "ious_per_gt": [
        0.7428157867480215
      ],
      "step_success@0.300": true
    },
    {
      "image": "2.png",
      "instruction": "2) Click Orientation icon",
      "gt_count": 1,
      "pred_count": 1,
      "best_iou": 0.10323402144245662,
      "ious_per_gt": [
        0.10323402144245662
      ],
      "step_success@0.300": false
    },
    {
      "image": "3.png",
      "instruction": "3) Select Landscape",
      "gt_count": 1,
      "pred_count": 1,
      "best_iou": 0.199852657770936,
      "ious_per_gt": [
        0.199852657770936
      ],
      "step_success@0.300": false
    }
  ]
}