{
  "task": "Task40_Excel",
  "task_query": "Format as Currency(HR_Employees)",
  "exists": true,
  "task_completed@0.30": false,
  "num_images": 3,
  "num_gt_boxes": 3,
  "mIoU": 0.6193456241239977,
  "Acc@0.3": 0.6666666666666666,
  "Acc@0.5": 0.6666666666666666,
  "Acc@0.8": 0.6666666666666666,
  "Acc@0.9": 0.0,
  "per_image": [
    {
      "image": "Step_1.png",
      "instruction": "1) Select the top header cell of salary column header.",
      "gt_count": 1,
      "pred_count": 1,
      "best_iou": 0.09048945414349922,
      "ious_per_gt": [
        0.09048945414349922
      ],
      "step_success@0.300": false
    },
    {
      "image": "Step_2.png",
      "instruction": "2) Open General drop-down menu",
      "gt_count": 1,
      "pred_count": 1,
      "best_iou": 0.8867906718251842,
      "ious_per_gt": [
        0.8867906718251842
      ],
      "step_success@0.300": true
    },
    {
      "image": "Step_3.png",
      "instruction": "3) Click Currency.",
      "gt_count": 1,
      "pred_count": 1,
      "best_iou": 0.8807567464033097,
      "ious_per_gt": [
        0.8807567464033097
      ],
      "step_success@0.300": true
    }
  ]
}