{
  "task": "Task-13",
  "task_query": "Open beep.wav in Source Monitor",
  "exists": true,
  "task_completed@0.30": false,
  "num_images": 3,
  "num_gt_boxes": 3,
  "mIoU": 0.4069396703691026,
  "Acc@0.3": 0.6666666666666666,
  "Acc@0.5": 0.3333333333333333,
  "Acc@0.8": 0.0,
  "Acc@0.9": 0.0,
  "per_image": [
    {
      "image": "1.png",
      "instruction": "Click Audio bin;",
      "gt_count": 1,
      "pred_count": 1,
      "best_iou": 0.7065393392424241,
      "ious_per_gt": [
        0.7065393392424241
      ],
      "step_success@0.300": true
    },
    {
      "image": "2.png",
      "instruction": "Right\u2011click beep.wav",
      "gt_count": 1,
      "pred_count": 1,
      "best_iou": 0.07722557361481125,
      "ious_per_gt": [
        0.07722557361481125
      ],
      "step_success@0.300": false
    },
    {
      "image": "3.png",
      "instruction": "Choose Open In Source Monitor",
      "gt_count": 1,
      "pred_count": 1,
      "best_iou": 0.43705409825007263,
      "ious_per_gt": [
        0.43705409825007263
      ],
      "step_success@0.300": true
    }
  ]
}