{
  "task": "Task-11",
  "task_query": "Open Sequence Settings and confirm",
  "exists": true,
  "task_completed@0.30": true,
  "num_images": 3,
  "num_gt_boxes": 3,
  "mIoU": 0.6246783745619844,
  "Acc@0.3": 1.0,
  "Acc@0.5": 0.6666666666666666,
  "Acc@0.8": 0.3333333333333333,
  "Acc@0.9": 0.0,
  "per_image": [
    {
      "image": "1.png",
      "instruction": "Open Sequence menu;",
      "gt_count": 1,
      "pred_count": 1,
      "best_iou": 0.4489906632846786,
      "ious_per_gt": [
        0.4489906632846786
      ],
      "step_success@0.300": true
    },
    {
      "image": "2.png",
      "instruction": "Choose Sequence Settings\u2026;",
      "gt_count": 1,
      "pred_count": 1,
      "best_iou": 0.6540150581194066,
      "ious_per_gt": [
        0.6540150581194066
      ],
      "step_success@0.300": true
    },
    {
      "image": "3.png",
      "instruction": "Click OK",
      "gt_count": 1,
      "pred_count": 1,
      "best_iou": 0.7710294022818678,
      "ious_per_gt": [
        0.7710294022818678
      ],
      "step_success@0.300": true
    }
  ]
}