{
  "task": "Task-15",
  "exists": true,
  "task_completed@0.30": true,
  "num_images": 3,
  "num_gt_boxes": 3,
  "mIoU": 0.5634100811260376,
  "Acc@0.3": 1.0,
  "Acc@0.5": 0.6666666666666666,
  "Acc@0.8": 0.3333333333333333,
  "Acc@0.9": 0.0,
  "per_image": [
    {
      "image": "1.png",
      "instruction": "1) Click the Layout tab",
      "gt_count": 1,
      "pred_count": 1,
      "best_iou": 0.3341797080091323,
      "step_success@0.30": true,
      "ious_per_gt": [
        0.3341797080091323
      ]
    },
    {
      "image": "2.png",
      "instruction": "2) Click Columns to open different options",
      "gt_count": 1,
      "pred_count": 1,
      "best_iou": 0.8111927141868948,
      "step_success@0.30": true,
      "ious_per_gt": [
        0.8111927141868948
      ]
    },
    {
      "image": "3.png",
      "instruction": "3) Choose Two from the list",
      "gt_count": 1,
      "pred_count": 1,
      "best_iou": 0.5448578211820857,
      "step_success@0.30": true,
      "ious_per_gt": [
        0.5448578211820857
      ]
    }
  ]
}