{
  "task": "Task-18",
  "task_query": "Open the Markers panel",
  "exists": true,
  "task_completed@0.30": false,
  "num_images": 3,
  "num_gt_boxes": 3,
  "mIoU": 0.42878633691324824,
  "Acc@0.3": 0.3333333333333333,
  "Acc@0.5": 0.3333333333333333,
  "Acc@0.8": 0.3333333333333333,
  "Acc@0.9": 0.0,
  "per_image": [
    {
      "image": "1.png",
      "instruction": "Open Window menu;",
      "gt_count": 1,
      "pred_count": 1,
      "best_iou": 0.7900369478257674,
      "ious_per_gt": [
        0.7900369478257674
      ],
      "step_success@0.300": true
    },
    {
      "image": "2.png",
      "instruction": "Choose Markers;",
      "gt_count": 1,
      "pred_count": 1,
      "best_iou": 0.26345520905509817,
      "ious_per_gt": [
        0.26345520905509817
      ],
      "step_success@0.300": false
    },
    {
      "image": "3.png",
      "instruction": "Click Markers panel to focus",
      "gt_count": 1,
      "pred_count": 1,
      "best_iou": 0.2328668538588791,
      "ious_per_gt": [
        0.2328668538588791
      ],
      "step_success@0.300": false
    }
  ]
}