{
  "task": "Task-1",
  "exists": true,
  "task_completed@0.30": false,
  "num_images": 3,
  "num_gt_boxes": 3,
  "mIoU": 0.4332102384640158,
  "Acc@0.3": 0.6666666666666666,
  "Acc@0.5": 0.6666666666666666,
  "Acc@0.8": 0.0,
  "Acc@0.9": 0.0,
  "per_image": [
    {
      "image": "1.png",
      "instruction": "Click Main menu (Figma);",
      "gt_count": 1,
      "pred_count": 1,
      "best_iou": 0.5012964302083844,
      "step_success@0.30": true,
      "ious_per_gt": [
        0.5012964302083844
      ]
    },
    {
      "image": "2.png",
      "instruction": "Click File;",
      "gt_count": 1,
      "pred_count": 1,
      "best_iou": 0.28532919013584973,
      "step_success@0.30": false,
      "ious_per_gt": [
        0.28532919013584973
      ]
    },
    {
      "image": "3.png",
      "instruction": "Click New design file",
      "gt_count": 1,
      "pred_count": 1,
      "best_iou": 0.5130050950478132,
      "step_success@0.30": true,
      "ious_per_gt": [
        0.5130050950478132
      ]
    }
  ]
}