{
  "task": "Task-13",
  "task_query": "Insert a footnote in the Introduction",
  "exists": true,
  "task_completed@0.30": false,
  "num_images": 3,
  "num_gt_boxes": 3,
  "mIoU": 0.5541619731187676,
  "Acc@0.3": 0.6666666666666666,
  "Acc@0.5": 0.6666666666666666,
  "Acc@0.8": 0.6666666666666666,
  "Acc@0.9": 0.0,
  "per_image": [
    {
      "image": "1.png",
      "instruction": "1) Click at the end of a sentence in the Introduction section",
      "gt_count": 1,
      "pred_count": 1,
      "best_iou": 0.0025761132944556427,
      "ious_per_gt": [
        0.0025761132944556427
      ],
      "step_success@0.300": false
    },
    {
      "image": "2.png",
      "instruction": "2) Click the References tab",
      "gt_count": 1,
      "pred_count": 1,
      "best_iou": 0.8320471855397941,
      "ious_per_gt": [
        0.8320471855397941
      ],
      "step_success@0.300": true
    },
    {
      "image": "3.png",
      "instruction": "3) Click Insert Footnote",
      "gt_count": 1,
      "pred_count": 1,
      "best_iou": 0.8278626205220533,
      "ious_per_gt": [
        0.8278626205220533
      ],
      "step_success@0.300": true
    }
  ]
}