{
  "task": "Task-6",
  "task_query": "Narrow Margins",
  "exists": true,
  "task_completed@0.30": false,
  "num_images": 3,
  "num_gt_boxes": 3,
  "mIoU": 0.4084634579364828,
  "Acc@0.3": 0.3333333333333333,
  "Acc@0.5": 0.3333333333333333,
  "Acc@0.8": 0.3333333333333333,
  "Acc@0.9": 0.0,
  "per_image": [
    {
      "image": "1.png",
      "instruction": "1) Open Page Layout from tab",
      "gt_count": 1,
      "pred_count": 1,
      "best_iou": 0.8782142768572496,
      "ious_per_gt": [
        0.8782142768572496
      ],
      "step_success@0.300": true
    },
    {
      "image": "2.png",
      "instruction": "2) Click Margins icon",
      "gt_count": 1,
      "pred_count": 1,
      "best_iou": 0.2450680039135171,
      "ious_per_gt": [
        0.2450680039135171
      ],
      "step_success@0.300": false
    },
    {
      "image": "3.png",
      "instruction": "3) Select Narrow",
      "gt_count": 1,
      "pred_count": 1,
      "best_iou": 0.10210809303868168,
      "ious_per_gt": [
        0.10210809303868168
      ],
      "step_success@0.300": false
    }
  ]
}