{
  "task": "Task-3",
  "exists": true,
  "task_completed@0.30": false,
  "num_images": 3,
  "num_gt_boxes": 3,
  "mIoU": 0.35610336367701206,
  "Acc@0.3": 0.3333333333333333,
  "Acc@0.5": 0.3333333333333333,
  "Acc@0.8": 0.0,
  "Acc@0.9": 0.0,
  "per_image": [
    {
      "image": "1.png",
      "instruction": "Right-Click page 1 in left sidebar;",
      "gt_count": 1,
      "pred_count": 1,
      "best_iou": 0.10489536744883299,
      "step_success@0.30": false,
      "ious_per_gt": [
        0.10489536744883299
      ]
    },
    {
      "image": "2.png",
      "instruction": "Click Rename page;",
      "gt_count": 1,
      "pred_count": 1,
      "best_iou": 0.6701533319141626,
      "step_success@0.30": true,
      "ious_per_gt": [
        0.6701533319141626
      ]
    },
    {
      "image": "3.png",
      "instruction": "Type mobile;",
      "gt_count": 1,
      "pred_count": 1,
      "best_iou": 0.2932613916680406,
      "step_success@0.30": false,
      "ious_per_gt": [
        0.2932613916680406
      ]
    }
  ]
}