{
  "task": "Task16_Excel",
  "task_query": "Insert PDF as Object (Students)",
  "exists": true,
  "task_completed@0.30": false,
  "num_images": 3,
  "num_gt_boxes": 3,
  "mIoU": 0.498162569896804,
  "Acc@0.3": 0.6666666666666666,
  "Acc@0.5": 0.6666666666666666,
  "Acc@0.8": 0.3333333333333333,
  "Acc@0.9": 0.0,
  "per_image": [
    {
      "image": "Step_1.png",
      "instruction": "1) Select Insert from the excel tab bar",
      "gt_count": 1,
      "pred_count": 1,
      "best_iou": 0.8068251453832709,
      "ious_per_gt": [
        0.8068251453832709
      ],
      "step_success@0.300": true
    },
    {
      "image": "Step_3.png",
      "instruction": "3) Click ok.",
      "gt_count": 1,
      "pred_count": 1,
      "best_iou": 0.014464777522648908,
      "ious_per_gt": [
        0.014464777522648908
      ],
      "step_success@0.300": false
    },
    {
      "image": "Step_2.png",
      "instruction": "2) Click Object.",
      "gt_count": 1,
      "pred_count": 1,
      "best_iou": 0.6731977867844922,
      "ious_per_gt": [
        0.6731977867844922
      ],
      "step_success@0.300": true
    }
  ]
}