{
  "task": "Task47_Excel",
  "task_query": "Unhide Columns (Students)",
  "exists": true,
  "task_completed@0.30": false,
  "num_images": 3,
  "num_gt_boxes": 3,
  "mIoU": 0.5682563344923643,
  "Acc@0.3": 0.6666666666666666,
  "Acc@0.5": 0.6666666666666666,
  "Acc@0.8": 0.3333333333333333,
  "Acc@0.9": 0.0,
  "per_image": [
    {
      "image": "Step_1.png",
      "instruction": "1) Open drop-down menu for Format icon.",
      "gt_count": 1,
      "pred_count": 1,
      "best_iou": 0.16505907815341384,
      "ious_per_gt": [
        0.16505907815341384
      ],
      "step_success@0.300": false
    },
    {
      "image": "Step_2.png",
      "instruction": "2) Click Hide & Unhide.",
      "gt_count": 1,
      "pred_count": 1,
      "best_iou": 0.7928347267604482,
      "ious_per_gt": [
        0.7928347267604482
      ],
      "step_success@0.300": true
    },
    {
      "image": "Step_3.png",
      "instruction": "3) Select Unhide Columns.",
      "gt_count": 1,
      "pred_count": 1,
      "best_iou": 0.746875198563231,
      "ious_per_gt": [
        0.746875198563231
      ],
      "step_success@0.300": true
    }
  ]
}